{"cameraMode":{"drawMode":0,"name":"Shaded","section":"Shading Mode"},"sceneLighting":false,"audioPlay":false,"sceneViewState":{"m_AlwaysRefresh":false,"showFog":true,"showSkybox":false,"showFlares":true,"showImageEffects":true,"showParticleSystems":true,"showVisualEffectGraphs":true,"m_FxEnabled":true},"in2DMode":false,"pivot":{"x":6.225183963775635,"y":1.4407873153686524,"z":-1.2607500553131104},"rotation":{"x":0.10315652191638947,"y":-0.09472331404685974,"z":0.009864376857876778,"w":0.9901222586631775},"size":1.114038348197937,"orthographic":false}